,precision,recall,f1-score,support
0,0.7935483870967742,0.8145695364238411,0.803921568627451,151.0
1,0.631578947368421,0.6,0.6153846153846154,80.0
accuracy,0.7402597402597403,0.7402597402597403,0.7402597402597403,0.7402597402597403
macro avg,0.7125636672325977,0.7072847682119205,0.7096530920060332,231.0
weighted avg,0.7374550746367385,0.7402597402597403,0.7386273856862092,231.0
